{"cameraMode":{"drawMode":0,"name":"Shaded","section":"Shading Mode"},"sceneLighting":true,"audioPlay":false,"sceneViewState":{"m_AlwaysRefresh":false,"showFog":true,"showSkybox":true,"showFlares":true,"showImageEffects":true,"showParticleSystems":true,"showVisualEffectGraphs":true,"m_FxEnabled":true},"in2DMode":false,"pivot":{"x":49.04935836791992,"y":7.032012462615967,"z":-4.517904281616211},"rotation":{"x":0.09847240895032883,"y":0.08557472378015518,"z":-0.008499711751937867,"w":0.9914193153381348},"size":17.164520263671876,"orthographic":true}